INSERT INTO Customers (CustomerID, FirstName, LastName, Email, Phone, Address, City, Country, RegistrationDate)
VALUES 
(1, 'John', 'Doe', 'john.doe@email.com', '123-456-7890', '123 Main St', 'New York', 'USA', '2023-01-01'),
(2, 'Jane', 'Smith', 'jane.smith@email.com', '987-654-3210', '456 Elm St', 'Los Angeles', 'USA', '2023-01-15'),
(3, 'Alice', 'Johnson', 'alice.j@email.com', '555-123-4567', '789 Oak Ave', 'Chicago', 'USA', '2023-02-01'),
(4, 'Bob', 'Brown', 'bob.brown@email.com', '444-555-6666', '321 Pine Rd', 'Houston', 'USA', '2023-02-15'),
(5, 'Emma', 'Wilson', 'emma.w@email.com', '777-888-9999', '654 Maple Ln', 'Miami', 'USA', '2023-03-01'),
(6, 'Charles', 'Baker', 'charles.baker@email.com', '222-333-4444', '789 Willow St', 'Seattle', 'USA', '2023-03-15'),
(7, 'Mia', 'Clark', 'mia.clark@email.com', '111-222-3333', '321 Cedar Rd', 'Denver', 'USA', '2023-04-01'),
(8, 'Liam', 'Harris', 'liam.harris@email.com', '333-444-5555', '654 Pine Ln', 'Boston', 'USA', '2023-04-15'),
(9, 'Sophia', 'Lewis', 'sophia.lewis@email.com', '444-555-6666', '987 Birch Ave', 'San Francisco', 'USA', '2023-05-01'),
(10, 'Noah', 'Walker', 'noah.walker@email.com', '555-666-7777', '123 Fir Blvd', 'Austin', 'USA', '2023-05-15'),
(11, 'Olivia', 'King', 'olivia.king@email.com', '666-777-8888', '456 Palm St', 'Dallas', 'USA', '2023-06-01'),
(12, 'James', 'Scott', 'james.scott@email.com', '777-888-9999', '789 Maple Ave', 'San Diego', 'USA', '2023-06-15'),
(13, 'Ava', 'Young', 'ava.young@email.com', '888-999-0000', '321 Oak Rd', 'Las Vegas', 'USA', '2023-07-01'),
(14, 'William', 'Hill', 'william.hill@email.com', '999-000-1111', '654 Willow Blvd', 'Orlando', 'USA', '2023-07-15'),
(15, 'Isabella', 'Green', 'isabella.green@email.com', '000-111-2222', '987 Cedar Ave', 'Charlotte', 'USA', '2023-08-01'),
(16, 'Benjamin', 'Adams', 'benjamin.adams@email.com', '111-222-3333', '123 Fir Ln', 'San Antonio', 'USA', '2023-08-15'),
(17, 'Emma', 'Campbell', 'emma.campbell@email.com', '222-333-4444', '456 Palm Ave', 'Phoenix', 'USA', '2023-09-01'),
(18, 'Lucas', 'Mitchell', 'lucas.mitchell@email.com', '333-444-5555', '789 Pine St', 'Nashville', 'USA', '2023-09-15'),
(19, 'Harper', 'Perez', 'harper.perez@email.com', '444-555-6666', '321 Maple Blvd', 'Memphis', 'USA', '2023-10-01'),
(20, 'Ethan', 'Roberts', 'ethan.roberts@email.com', '555-666-7777', '654 Birch Ln', 'Baltimore', 'USA', '2023-10-15'),
(21, 'Mason', 'Turner', 'mason.turner@email.com', '666-777-8888', '987 Willow Ave', 'Louisville', 'USA', '2023-11-01'),
(22, 'Ella', 'Phillips', 'ella.phillips@email.com', '777-888-9999', '123 Cedar Blvd', 'Milwaukee', 'USA', '2023-11-15'),
(23, 'Logan', 'Parker', 'logan.parker@email.com', '888-999-0000', '456 Fir St', 'Albuquerque', 'USA', '2023-12-01'),
(24, 'Charlotte', 'Evans', 'charlotte.evans@email.com', '999-000-1111', '789 Palm Rd', 'Tucson', 'USA', '2023-12-15'),
(25, 'Jacob', 'Carter', 'jacob.carter@email.com', '000-111-2222', '321 Pine Ave', 'Fresno', 'USA', '2024-01-01');


INSERT INTO Suppliers (SupplierID, SupplierName, ContactPerson, Email, Phone, Address)
VALUES 
(1, 'TechGadgets Inc.', 'Mark Johnson', 'mark@techgadgets.com', '111-222-3333', '789 Tech Blvd, Silicon Valley, CA'),
(2, 'SportyGear Ltd.', 'Sarah Lee', 'sarah@sportygear.com', '444-555-6666', '456 Fitness St, Portland, OR'),
(3, 'HomeComfort Co.', 'David Brown', 'david@homecomfort.com', '777-888-9999', '123 Cozy Ln, Boston, MA'),
(4, 'BookWorm Publishers', 'Emily White', 'emily@bookworm.com', '000-111-2222', '321 Read Ave, New York, NY'),
(5, 'KitchenEssentials Co.', 'Anna Smith', 'anna@kitchenessentials.com', '888-999-1234', '123 Culinary Ln, San Francisco, CA'),
(6, 'FitnessGear Inc.', 'Mike Lee', 'mike@fitnessgear.com', '777-888-2345', '456 Workout Rd, Miami, FL'),
(7, 'HomeSmart Ltd.', 'Linda Johnson', 'linda@homesmart.com', '666-777-3456', '789 Smart Blvd, Austin, TX'),
(8, 'Outdoor Adventures', 'Tom Brown', 'tom@outdooradventures.com', '555-666-4567', '321 Adventure St, Denver, CO'),
(9, 'Literary World', 'Susan Davis', 'susan@literaryworld.com', '444-555-5678', '654 Book Ave, New York, NY'),
(10, 'Office Supplies Pro', 'David Wilson', 'david@officesuppliespro.com', '333-444-6789', '987 Office Blvd, Chicago, IL'),
(11, 'Health First', 'Karen Garcia', 'karen@healthfirst.com', '222-333-7890', '123 Wellness St, Los Angeles, CA'),
(12, 'Fashion Trends', 'Emma Martinez', 'emma@fashiontrends.com', '111-222-8901', '456 Style Ln, Dallas, TX'),
(13, 'EcoLiving', 'James Robinson', 'james@ecoliving.com', '000-111-9012', '789 Green Blvd, Portland, OR'),
(14, 'Gourmet Foods', 'Patricia Clark', 'patricia@gourmetfoods.com', '999-000-0123', '321 Taste Rd, San Diego, CA');


INSERT INTO Products (ProductID, ProductName, Category, Price, Description, StockQuantity, SupplierID)
VALUES 
(1, 'Smartphone X', 'Electronics', 699.99, 'Latest model smartphone', 100, 1),
(2, 'Laptop Pro', 'Electronics', 1299.99, 'High-performance laptop', 50, 1),
(3, 'Running Shoes', 'Sports', 89.99, 'Comfortable running shoes', 200, 2),
(4, 'Coffee Maker', 'Home Appliances', 49.99, 'Automatic coffee maker', 75, 3),
(5, 'Mystery Novel', 'Books', 14.99, 'Bestselling mystery novel', 300, 4),
(6, 'Tablet Z', 'Electronics', 499.99, 'Latest model tablet', 75, 1),
(7, 'Gaming Console', 'Electronics', 299.99, 'Popular gaming console', 50, 1),
(8, 'Basketball Shoes', 'Sports', 129.99, 'High-performance basketball shoes', 150, 2),
(9, 'Blender Pro', 'Home Appliances', 59.99, 'High-speed blender', 100, 3),
(10, 'Sci-Fi Novel', 'Books', 19.99, 'Bestselling sci-fi novel', 200, 4),
(11, 'Wireless Earbuds', 'Electronics', 149.99, 'Noise-cancelling wireless earbuds', 80, 1),
(12, 'Smartwatch', 'Electronics', 199.99, 'Fitness tracking smartwatch', 90, 1),
(13, 'Yoga Mat', 'Sports', 29.99, 'Eco-friendly yoga mat', 300, 2),
(14, 'Air Fryer', 'Home Appliances', 99.99, 'Digital air fryer', 60, 3),
(15, 'Cookbook', 'Books', 24.99, 'Healthy recipes cookbook', 180, 4),
(16, 'Bluetooth Speaker', 'Electronics', 89.99, 'Portable Bluetooth speaker', 110, 1),
(17, 'VR Headset', 'Electronics', 399.99, 'Virtual reality headset', 40, 1),
(18, 'Tennis Racket', 'Sports', 79.99, 'Professional tennis racket', 120, 2),
(19, 'Vacuum Cleaner', 'Home Appliances', 149.99, 'Cordless vacuum cleaner', 70, 3),
(20, 'Romance Novel', 'Books', 9.99, 'Bestselling romance novel', 220, 4),
(21, 'Smart Home Hub', 'Electronics', 129.99, 'Voice-controlled smart home hub', 50, 1),
(22, 'Noise-Cancelling Headphones', 'Electronics', 299.99, 'Over-ear noise-cancelling headphones', 60, 1),
(23, 'Running Watch', 'Electronics', 179.99, 'GPS running watch', 80, 1),
(24, 'Smart Light Bulb', 'Electronics', 39.99, 'Wi-Fi enabled smart light bulb', 100, 1),
(25, 'Mystery Thriller', 'Books', 12.99, 'Bestselling mystery thriller', 250, 4);


INSERT INTO Orders (OrderID, CustomerID, OrderDate, TotalAmount, Status)
VALUES 
(1, 1, '2023-03-15 10:30:00', 749.98, 'Completed'),
(2, 2, '2023-03-16 14:45:00', 1299.99, 'Shipped'),
(3, 3, '2023-03-17 09:15:00', 89.99, 'Processing'),
(4, 4, '2023-03-18 16:20:00', 64.98, 'Completed'),
(5, 5, '2023-03-19 11:00:00', 699.99, 'Shipped'),
(6, 6, '2023-03-20 12:00:00', 199.98, 'Completed'),
(7, 7, '2023-03-21 13:15:00', 499.99, 'Shipped'),
(8, 8, '2023-03-22 14:30:00', 89.99, 'Processing'),
(9, 9, '2023-03-23 15:45:00', 129.98, 'Completed'),
(10, 10, '2023-03-24 17:00:00', 699.99, 'Shipped'),
(11, 11, '2023-03-25 18:15:00', 149.99, 'Completed'),
(12, 12, '2023-03-26 19:30:00', 89.99, 'Shipped'),
(13, 13, '2023-03-27 20:45:00', 49.98, 'Processing'),
(14, 14, '2023-03-28 22:00:00', 109.99, 'Completed'),
(15, 15, '2023-03-29 23:15:00', 1299.99, 'Shipped'),
(16, 16, '2023-03-30 09:00:00', 59.99, 'Completed'),
(17, 17, '2023-03-31 10:15:00', 129.99, 'Shipped'),
(18, 18, '2023-04-01 11:30:00', 89.99, 'Processing'),
(19, 19, '2023-04-02 12:45:00', 79.99, 'Completed'),
(20, 20, '2023-04-03 14:00:00', 49.99, 'Shipped'),
(21, 21, '2023-04-04 15:15:00', 69.99, 'Completed'),
(22, 22, '2023-04-05 16:30:00', 89.99, 'Shipped'),
(23, 23, '2023-04-06 17:45:00', 99.99, 'Processing'),
(24, 24, '2023-04-07 19:00:00', 109.99, 'Completed'),
(25, 25, '2023-04-08 20:15:00', 129.99, 'Shipped');


INSERT INTO OrderDetails (OrderDetailID, OrderID, ProductID, Quantity, UnitPrice)
VALUES 
(1, 1, 1, 1, 699.99),
(2, 1, 4, 1, 49.99),
(3, 2, 2, 1, 1299.99),
(4, 3, 3, 1, 89.99),
(5, 4, 4, 1, 49.99),
(6, 4, 5, 1, 14.99),
(7, 5, 1, 1, 699.99),
(8, 6, 3, 2, 89.99),
(9, 7, 6, 1, 499.99),
(10, 8, 3, 1, 89.99),
(11, 9, 8, 1, 129.99),
(12, 10, 1, 1, 699.99),
(13, 11, 11, 1, 149.99),
(14, 12, 3, 1, 89.99),
(15, 13, 4, 1, 49.99),
(16, 14, 10, 1, 19.99),
(17, 15, 2, 1, 1299.99),
(18, 16, 9, 1, 59.99),
(19, 17, 12, 1, 129.99),
(20, 18, 3, 1, 89.99),
(21, 19, 18, 1, 79.99),
(22, 20, 4, 1, 49.99),
(23, 21, 13, 1, 69.99),
(24, 22, 3, 1, 89.99),
(25, 23, 14, 1, 99.99),
(26, 24, 3, 1, 89.99),
(27, 25, 3, 1, 89.99);


INSERT INTO Reviews (ReviewID, ProductID, CustomerID, Rating, Comment, ReviewDate)
VALUES 
(1, 1, 1, 5, 'Great smartphone, very fast!', '2023-03-20'),
(2, 2, 2, 4, 'Good laptop, but a bit heavy', '2023-03-21'),
(3, 3, 3, 5, 'Very comfortable shoes', '2023-03-22'),
(4, 4, 4, 3, 'Coffee maker works well, but noisy', '2023-03-23'),
(5, 5, 5, 4, 'Interesting plot, couldn''t put it down', '2023-03-24'),
(6, 2, 6, 4, 'Good product, but a bit expensive', '2023-03-25'),
(7, 3, 7, 5, 'Excellent quality, very comfortable', '2023-03-26'),
(8, 4, 8, 3, 'Average performance', '2023-03-27'),
(9, 5, 9, 4, 'Interesting read', '2023-03-28'),
(10, 6, 10, 5, 'Highly recommend, very user-friendly', '2023-03-29'),
(11, 7, 11, 3, 'Fun to use, but has some glitches', '2023-03-30'),
(12, 8, 12, 5, 'Perfect fit, very stylish', '2023-03-31'),
(13, 9, 13, 4, 'Works well, but a bit noisy', '2023-04-01'),
(14, 10, 14, 5, 'Couldn\'t put it down', '2023-04-02'),
(15, 11, 15, 4, 'Great sound quality', '2023-04-03'),
(16, 12, 16, 5, 'Very useful for workouts', '2023-04-04'),
(17, 13, 17, 4, 'Nice design, but slippery', '2023-04-05'),
(18, 14, 18, 3, 'Good, but a bit small', '2023-04-06'),
(19, 15, 19, 5, 'Tasty recipes', '2023-04-07'),
(20, 16, 20, 4, 'Good, but lacks bass', '2023-04-08'),
(21, 17, 21, 5, 'Amazing experience', '2023-04-09'),
(22, 18, 22, 4, 'Nice racket, lightweight', '2023-04-10'),
(23, 19, 23, 3, 'Decent, but not powerful enough', '2023-04-11'),
(24, 20, 24, 5, 'Loved the twists in the story', '2023-04-12'),
(25, 21, 25, 4, 'Useful for smart home setup', '2023-04-13');


INSERT INTO Employees (EmployeeID, FirstName, LastName, Email, Phone, HireDate, Position, Salary)
VALUES 
(1, 'Michael', 'Scott', 'michael.scott@company.com', '555-1234', '2020-01-15', 'Manager', 75000.00),
(2, 'Dwight', 'Schrute', 'dwight.schrute@company.com', '555-2345', '2020-02-01', 'Assistant Manager', 62000.00),
(3, 'Jim', 'Halpert', 'jim.halpert@company.com', '555-3456', '2020-03-10', 'Sales Representative', 55000.00),
(4, 'Pam', 'Beesly', 'pam.beesly@company.com', '555-4567', '2020-04-05', 'Receptionist', 45000.00),
(5, 'Angela', 'Martin', 'angela.martin@company.com', '555-5678', '2020-05-20', 'Accountant', 58000.00),
(6, 'Kevin', 'Malone', 'kevin.malone@company.com', '555-6789', '2020-06-15', 'Accountant', 52000.00),
(7, 'Oscar', 'Martinez', 'oscar.martinez@company.com', '555-7890', '2020-07-01', 'Accountant', 60000.00),
(8, 'Stanley', 'Hudson', 'stanley.hudson@company.com', '555-8901', '2020-08-10', 'Sales Representative', 57000.00),
(9, 'Phyllis', 'Vance', 'phyllis.vance@company.com', '555-9012', '2020-09-05', 'Sales Representative', 54000.00),
(10, 'Meredith', 'Palmer', 'meredith.palmer@company.com', '555-0123', '2020-10-15', 'Supplier Relations', 48000.00),
(11, 'Kelly', 'Kapoor', 'kelly.kapoor@company.com', '555-1111', '2020-11-01', 'Customer Service', 40000.00),
(12, 'Ryan', 'Howard', 'ryan.howard@company.com', '555-2222', '2020-12-01', 'Temp', 35000.00),
(13, 'Toby', 'Flenderson', 'toby.flenderson@company.com', '555-3333', '2021-01-01', 'HR', 60000.00),
(14, 'Creed', 'Bratton', 'creed.bratton@company.com', '555-4444', '2021-02-01', 'Quality Assurance', 45000.00),
(15, 'Holly', 'Flax', 'holly.flax@company.com', '555-5555', '2021-03-01', 'HR', 60000.00),
(16, 'Darryl', 'Philbin', 'darryl.philbin@company.com', '555-6666', '2021-04-01', 'Warehouse Manager', 50000.00),
(17, 'Roy', 'Anderson', 'roy.anderson@company.com', '555-7777', '2021-05-01', 'Warehouse Worker', 35000.00),
(18, 'Jan', 'Levinson', 'jan.levinson@company.com', '555-8888', '2021-06-01', 'Corporate', 95000.00),
(19, 'David', 'Wallace', 'david.wallace@company.com', '555-9999', '2021-07-01', 'CFO', 120000.00),
(20, 'Jo', 'Bennett', 'jo.bennett@company.com', '555-0000', '2021-08-01', 'CEO', 150000.00),
(21, 'Robert', 'California', 'robert.california@company.com', '555-1010', '2021-09-01', 'Manager', 75000.00),
(22, 'Clark', 'Green', 'clark.green@company.com', '555-2020', '2021-10-01', 'Sales Representative', 55000.00),
(23, 'Pete', 'Miller', 'pete.miller@company.com', '555-3030', '2021-11-01', 'Sales Representative', 55000.00),
(24, 'Nellie', 'Bertram', 'nellie.bertram@company.com', '555-4040', '2021-12-01', 'Special Projects', 70000.00),
(25, 'Gabe', 'Lewis', 'gabe.lewis@company.com', '555-5050', '2022-01-01', 'HR', 60000.00);


INSERT INTO Inventory (InventoryID, ProductID, WarehouseID, Quantity, LastUpdated)
VALUES 
(1, 1, 1, 50, '2023-07-18 10:00:00'),
(2, 1, 2, 30, '2023-07-18 10:15:00'),
(3, 2, 1, 25, '2023-07-18 10:30:00'),
(4, 2, 2, 15, '2023-07-18 10:45:00'),
(5, 3, 1, 100, '2023-07-18 11:00:00'),
(6, 3, 2, 75, '2023-07-18 11:15:00'),
(7, 4, 1, 40, '2023-07-18 11:30:00'),
(8, 4, 2, 20, '2023-07-18 11:45:00'),
(9, 5, 1, 150, '2023-07-18 12:00:00'),
(10, 5, 2, 100, '2023-07-18 12:15:00'),
(11, 1, 3, 50, '2023-07-18 12:30:00'),
(12, 2, 3, 25, '2023-07-18 12:45:00'),
(13, 3, 3, 100, '2023-07-18 13:00:00'),
(14, 4, 3, 40, '2023-07-18 13:15:00'),
(15, 5, 3, 150, '2023-07-18 13:30:00'),
(16, 6, 3, 75, '2023-07-18 13:45:00'),
(17, 7, 3, 30, '2023-07-18 14:00:00'),
(18, 8, 3, 20, '2023-07-18 14:15:00'),
(19, 9, 3, 50, '2023-07-18 14:30:00'),
(20, 10, 3, 40, '2023-07-18 14:45:00'),
(21, 11, 3, 25, '2023-07-18 15:00:00'),
(22, 12, 3, 60, '2023-07-18 15:15:00'),
(23, 13, 3, 75, '2023-07-18 15:30:00'),
(24, 14, 3, 20, '2023-07-18 15:45:00'),
(25, 15, 3, 100, '2023-07-18 16:00:00'),
(26, 16, 3, 50, '2023-07-18 16:15:00'),
(27, 17, 3, 30, '2023-07-18 16:30:00'),
(28, 18, 3, 20, '2023-07-18 16:45:00'),
(29, 19, 3, 50, '2023-07-18 17:00:00'),
(30, 20, 3, 30, '2023-07-18 17:15:00');